organization_name,frequency
Wageningen University & Research,9
University of California System,8
Arizona State University,4
Chinese Academy of Sciences,4
Centre National De La Recherche Scientifique,3
University of London,3
Autonomous University of Barcelona,2
Chiang Mai University,2
Stockholm University,2
United States Department of Agriculture,2
University of North Carolina,2
University of Oxford,2
University of Sussex,2
Yale University,2
Australian National University,1
Beijing Normal University,1
Center for International Forestry Research,1
Clark University,1
Commonwealth Scientific Industrial Research Organisation,1
Delft University of Technology,1
Eindhoven University of Technology,1
Erasmus University Rotterdam,1
ETH Zurich,1
Helmholtz Association,1
Helmholtz Center For Environmental Research,1
Humboldt University of Berlin,1
Indian Council of Agricultural Research,1
Indonesian Ministry of Energy and Mineral Resources,1
James Cook University,1
Kyushu University,1
Lund University,1
Michigan State University,1
Norwegian University of Science and Technology,1
Oregon State University,1
Princeton University,1
Stanford University,1
State University System of Florida,1
Tohoku University,1
Universite De Montpellier,1
University of Copenhagen,1
University of Guelph,1
University of Manchester,1
University of Texas System,1
University of Waterloo,1
University System of Maryland,1
Utrecht University,1
Vrije Universiteit Amsterdam,1
